street_address,city,state,postal_code
9057 Smith Lakes Apt. 553,New York,NY,10001
2836 Livingston Isle Suite 966,New York,NY,10001
2125 Matthew Fords Suite 820,New York,NY,10001
3046 Brooks Harbors Apt. 503,New York,NY,10001
4916 Dawn Center Suite 495,New York,NY,10001
7899 Parker Plains Suite 196,New York,NY,10001
7311 Guerrero Forge Suite 698,New York,NY,10001
1176 Stout Pike Suite 244,New York,NY,10001
1938 Payne Locks Apt. 982,New York,NY,10001
8404 Mcclure Stream Suite 644,New York,NY,10001
2079 Newton Springs Suite 570,New York,NY,10001
9781 Smith Plaza Apt. 923,New York,NY,10001
6906 Browning Rapid Suite 379,New York,NY,10001
5174 Powers Motorway Apt. 445,New York,NY,10001
7481 Lopez Cove Apt. 430,New York,NY,10001
4237 Heather Union Apt. 765,New York,NY,10001
1857 Brandon Road Apt. 051,New York,NY,10001
5750 Brian Common Suite 138,New York,NY,10001
3097 Johnson Isle Apt. 537,New York,NY,10001
7709 Christine Spurs Apt. 474,New York,NY,10001
5717 Black Underpass Apt. 777,New York,NY,10001
1636 Tina Walks Suite 308,New York,NY,10001
9863 Gary Court Suite 999,New York,NY,10001
1956 Marcus Station Suite 160,New York,NY,10001
9005 Watts Inlet Apt. 817,New York,NY,10001
147 Lynch Garden Suite 061,New York,NY,10001
8615 Nicole Island Apt. 255,New York,NY,10001
2286 Amanda Rapid Apt. 722,New York,NY,10001
7106 Jonathan Road Suite 905,New York,NY,10001
1162 Baird Estate Suite 299,New York,NY,10001
2427 Kimberly Canyon Apt. 510,New York,NY,10001
6727 Elizabeth Wall Suite 865,New York,NY,10001
1071 Diaz Views Suite 192,New York,NY,10001
9220 Jessica Mountains Suite 230,New York,NY,10001
8412 Ryan Manor Suite 457,New York,NY,10001
7589 Erika Lane Suite 055,New York,NY,10001
4078 Roberts Mission Suite 002,New York,NY,10001
5814 Wilson Shores Suite 625,New York,NY,10001
7284 Villarreal Alley Apt. 707,New York,NY,10001
7143 Moore Dam Apt. 368,New York,NY,10001
115 Mcdonald Tunnel Apt. 092,New York,NY,10001
7869 Jacqueline Drive Apt. 968,New York,NY,10001
8236 Chelsea Burgs Apt. 802,New York,NY,10001
8412 Roberts Islands Apt. 163,New York,NY,10001
3163 Patricia Ville Apt. 442,New York,NY,10001
8840 Amy Station Apt. 884,New York,NY,10001
3747 Justin Islands Apt. 024,New York,NY,10001
9086 Lopez Park Suite 881,New York,NY,10001
6466 Ernest Trafficway Apt. 812,New York,NY,10001
4070 Nicole Prairie Apt. 168,New York,NY,10001
534 Gibson Trail Suite 069,New York,NY,10001
8823 Pope Corner Apt. 935,New York,NY,10001
5566 Kenneth Turnpike Suite 386,New York,NY,10001
1057 Sarah Walk Apt. 546,New York,NY,10001
1414 Morrow Circle Suite 902,New York,NY,10001
7975 Patrick Radial Apt. 005,New York,NY,10001
3159 Combs Islands Apt. 304,New York,NY,10001
5200 Dawn Shore Suite 568,New York,NY,10001
379 Carl Isle Apt. 146,New York,NY,10001
6128 Day Vista Suite 082,New York,NY,10001
4774 Seth Roads Apt. 022,New York,NY,10001
774 Roberts Forges Apt. 927,New York,NY,10001
9621 Michael Village Apt. 393,New York,NY,10001
1884 Mckinney Plaza Suite 463,New York,NY,10001
7533 Meyer Turnpike Apt. 278,New York,NY,10001
3977 Pennington Ports Suite 879,New York,NY,10001
2474 Sullivan Villages Suite 171,New York,NY,10001
4076 Webb Camp Apt. 291,New York,NY,10001
894 Emily Shoal Apt. 103,New York,NY,10001
5378 Hale Point Suite 631,New York,NY,10001
1346 Dickerson Place Apt. 672,New York,NY,10001
5908 Johnson Shores Apt. 569,New York,NY,10001
1009 Michelle Rapids Suite 258,New York,NY,10001
4033 Lee Fall Suite 057,New York,NY,10001
5414 Wright Well Apt. 635,New York,NY,10001
2509 Christine Ranch Apt. 139,New York,NY,10001
2080 Valerie Estates Suite 866,New York,NY,10001
7201 Carr Lane Suite 318,New York,NY,10001
7499 Murray Bypass Suite 483,New York,NY,10001
2190 Benjamin Ridge Suite 371,New York,NY,10001
2281 Jeffery Street Apt. 684,New York,NY,10001
3778 Owens Mountain Apt. 604,New York,NY,10001
7147 Warner Lodge Apt. 393,New York,NY,10001
7785 Michael Shores Apt. 143,New York,NY,10001
1123 Flores Wells Suite 208,New York,NY,10001
8708 Johnson Garden Apt. 592,New York,NY,10001
7896 Stephen Rest Suite 045,New York,NY,10001
2780 Randall Light Suite 861,New York,NY,10001
2344 Timothy Spring Suite 742,New York,NY,10001
537 Pearson Streets Apt. 423,New York,NY,10001
4853 Newman Mews Suite 406,New York,NY,10001
2799 Lauren Extensions Suite 149,New York,NY,10001
4402 Daniel Streets Suite 183,New York,NY,10001
9342 Sanchez Freeway Apt. 317,New York,NY,10001
115 Dougherty Rest Apt. 371,New York,NY,10001
7846 Jackson Greens Suite 375,New York,NY,10001
1952 Megan Circle Apt. 039,New York,NY,10001
8357 Chelsea Key Suite 165,New York,NY,10001
7668 Hill Route Suite 814,New York,NY,10001
1439 Jacqueline Lakes Apt. 284,New York,NY,10001
3354 Alexander Inlet Apt. 455,New York,NY,10001
3290 Charles Rest Apt. 164,New York,NY,10001
2679 Kimberly Courts Suite 764,New York,NY,10001
155 Smith Ridges Suite 681,New York,NY,10001
4491 Bryant Locks Suite 340,New York,NY,10001
7395 Browning Mountains Suite 081,New York,NY,10001
9032 Derek Ranch Apt. 090,New York,NY,10001
8274 Ramirez Club Suite 893,New York,NY,10001
6542 Peterson Gateway Apt. 764,New York,NY,10001
858 Sara Trace Suite 695,New York,NY,10001
9492 Cook Knoll Apt. 851,New York,NY,10001
1404 Walker Manor Apt. 536,New York,NY,10001
9235 Jeanette Springs Apt. 907,New York,NY,10001
2268 Peterson Estate Apt. 711,New York,NY,10001
6594 Erika Mews Apt. 979,New York,NY,10001
3208 Brent Spur Suite 839,New York,NY,10001
5606 Meyer Walk Suite 829,New York,NY,10001
5553 Smith Glens Suite 586,New York,NY,10001
8132 Dawn Drive Apt. 293,New York,NY,10001
3866 Braun Village Suite 233,New York,NY,10001
4323 Ward Parkway Suite 249,New York,NY,10001
1187 Shaffer Crossing Suite 588,New York,NY,10001
7358 Casey Viaduct Suite 041,New York,NY,10001
7551 Wilson Expressway Apt. 583,New York,NY,10001
3864 Nicole Coves Apt. 837,New York,NY,10001
2831 Burgess Fork Apt. 524,New York,NY,10001
4983 Mary Row Apt. 349,New York,NY,10001
9644 Erica Gardens Suite 546,New York,NY,10001
691 Kayla Mill Apt. 862,New York,NY,10001
2378 Nicholas Radial Apt. 552,New York,NY,10001
627 Rios Spring Apt. 750,New York,NY,10001
3271 James Circles Suite 960,New York,NY,10001
1635 Nicholas Burgs Suite 950,New York,NY,10001
1998 Proctor Street Suite 856,New York,NY,10001
5280 Sydney Highway Suite 939,New York,NY,10001
6000 John Lights Suite 993,New York,NY,10001
7839 Alexis Cape Suite 836,New York,NY,10001
6592 Nelson Brooks Suite 812,New York,NY,10001
9350 Smith Keys Suite 605,New York,NY,10001
9899 Curtis Drive Suite 076,New York,NY,10001
5537 Joseph Mill Apt. 277,New York,NY,10001
5981 Eaton Springs Apt. 856,New York,NY,10001
4879 Hood Mill Suite 539,New York,NY,10001
3895 Lisa Field Apt. 498,New York,NY,10001
6056 Jacobs Port Apt. 319,New York,NY,10001
8501 Bell Divide Suite 707,New York,NY,10001
7111 Kyle Mountains Apt. 902,New York,NY,10001
8021 Obrien Club Apt. 407,New York,NY,10001
9725 Miller Ports Suite 410,New York,NY,10001
4752 Catherine Prairie Suite 980,New York,NY,10001
6790 Matthew Mills Suite 755,New York,NY,10001
8030 Garcia Cape Suite 661,New York,NY,10001
4454 Wang Greens Apt. 416,New York,NY,10001
3381 Lawrence Underpass Suite 733,New York,NY,10001
4031 Wilcox Ranch Suite 840,New York,NY,10001
6995 Amy Place Suite 086,New York,NY,10001
2504 Kevin Island Suite 193,New York,NY,10001
1536 Cheyenne Port Suite 121,New York,NY,10001
3491 Espinoza Tunnel Apt. 306,New York,NY,10001
2874 Vance Oval Apt. 195,New York,NY,10001
5209 John Pike Apt. 565,New York,NY,10001
4080 Eric Vista Suite 283,New York,NY,10001
4510 Edwards Roads Apt. 337,New York,NY,10001
9950 Evan Center Apt. 893,New York,NY,10001
3978 Burns Island Suite 811,New York,NY,10001
2133 Morrow Valley Suite 685,New York,NY,10001
9531 Robert Ford Suite 727,New York,NY,10001
2136 Jimenez Inlet Apt. 982,New York,NY,10001
3261 Evelyn Parkways Suite 924,New York,NY,10001
4010 Christopher Garden Suite 006,New York,NY,10001
5557 Carol Branch Suite 792,New York,NY,10001
5361 Brown Way Apt. 657,New York,NY,10001
3193 Thomas Landing Apt. 831,New York,NY,10001
219 Michelle Trace Apt. 410,New York,NY,10001
9830 Palmer River Suite 012,New York,NY,10001
735 Smith Park Apt. 511,New York,NY,10001
5563 Tiffany Points Apt. 477,New York,NY,10001
6803 Bullock Overpass Apt. 961,New York,NY,10001
7290 Smith Haven Apt. 665,New York,NY,10001
9526 Lisa Crossroad Suite 376,New York,NY,10001
1223 Patrick Cliffs Apt. 585,New York,NY,10001
445 Misty Path Suite 322,New York,NY,10001
7672 Davis Avenue Suite 869,New York,NY,10001
4754 Douglas Hills Suite 937,New York,NY,10001
6775 Brian Cove Suite 985,New York,NY,10001
6710 Sanford Avenue Apt. 899,New York,NY,10001
3009 Stephanie Burg Apt. 497,New York,NY,10001
9269 Steven Expressway Suite 247,New York,NY,10001
5220 Eric Freeway Suite 347,New York,NY,10001
4776 Jimenez Parkways Suite 862,New York,NY,10001
1103 James Crescent Apt. 242,New York,NY,10001
5209 Kayla Fords Apt. 890,New York,NY,10001
1295 Carlson Point Apt. 155,New York,NY,10001
8340 Samantha Court Suite 271,New York,NY,10001
5208 Jones Spurs Apt. 876,New York,NY,10001
4170 Hunter Prairie Suite 216,New York,NY,10001
9071 Morris Key Suite 930,New York,NY,10001
5267 Kenneth Pines Apt. 564,New York,NY,10001
7974 Amanda Islands Suite 581,New York,NY,10001
9624 Thornton Unions Apt. 635,New York,NY,10001
7286 Snyder Branch Apt. 844,New York,NY,10001
222 Meyer Cove Suite 481,New York,NY,10001
5398 Kevin Road Apt. 475,New York,NY,10001
4182 White Vista Apt. 423,New York,NY,10001
6290 Bridges Union Apt. 453,New York,NY,10001
4508 Williams Common Suite 474,New York,NY,10001
4581 Todd Throughway Suite 599,New York,NY,10001
4864 Garza Grove Apt. 192,New York,NY,10001
9571 Stephen Fort Apt. 311,New York,NY,10001
562 Hutchinson Wall Suite 138,New York,NY,10001
6031 Donald Summit Suite 680,New York,NY,10001
8015 Eugene Motorway Apt. 217,New York,NY,10001
6588 Miller Greens Suite 966,New York,NY,10001
3295 Oneal Parkway Suite 347,New York,NY,10001
3069 Morris Harbors Apt. 230,New York,NY,10001
6071 Simmons Fork Apt. 158,New York,NY,10001
270 John Road Suite 508,New York,NY,10001
7566 Davis Islands Suite 362,New York,NY,10001
3614 Wolfe Lodge Suite 580,New York,NY,10001
1750 Cervantes Village Suite 910,New York,NY,10001
5593 Matthew Avenue Apt. 584,New York,NY,10001
4940 Jones Lodge Suite 388,New York,NY,10001
4988 Davis Harbor Suite 822,New York,NY,10001
5753 Laura Groves Apt. 100,New York,NY,10001
769 Angela Ports Apt. 063,New York,NY,10001
2904 Vernon Spurs Apt. 089,New York,NY,10001
1045 Wagner River Suite 843,New York,NY,10001
1288 Erica Pass Suite 831,New York,NY,10001
8401 Lindsay Gateway Apt. 259,New York,NY,10001
3242 Jarvis Alley Suite 153,New York,NY,10001
2150 Laurie Inlet Suite 760,New York,NY,10001
7165 Nicole Skyway Apt. 394,New York,NY,10001
8303 Ross Station Suite 607,New York,NY,10001
9430 Stacey Centers Apt. 974,New York,NY,10001
5348 Taylor Common Apt. 639,New York,NY,10001
9079 Ward Path Suite 690,New York,NY,10001
44 Gregory Plain Apt. 853,New York,NY,10001
1949 Jennifer Street Apt. 984,New York,NY,10001
9598 Mills Crescent Suite 442,New York,NY,10001
8171 Rogers Plains Suite 638,New York,NY,10001
1859 Matthew Corner Suite 651,New York,NY,10001
2627 Meadows Causeway Suite 770,New York,NY,10001
1500 Carpenter Walk Apt. 270,New York,NY,10001
2207 Green Cape Suite 338,New York,NY,10001
1453 Erin Trail Apt. 682,New York,NY,10001
7069 Meredith Trafficway Suite 624,New York,NY,10001
7439 Susan Courts Apt. 607,New York,NY,10001
6418 Laura Shore Suite 273,New York,NY,10001
571 Patterson Ports Apt. 902,New York,NY,10001
8390 Roberts Walk Apt. 868,New York,NY,10001
3484 Andrew Pass Apt. 648,New York,NY,10001
7321 Sandra Walks Apt. 107,New York,NY,10001
3121 Cindy Branch Suite 150,New York,NY,10001
5862 Richardson Overpass Apt. 034,New York,NY,10001
9336 Dunn Brooks Apt. 440,New York,NY,10001
4797 John Freeway Suite 253,New York,NY,10001
6027 Miller Ridge Apt. 195,New York,NY,10001
3329 Wendy Views Suite 541,New York,NY,10001
2306 Jason Junctions Apt. 598,New York,NY,10001
5331 Richard Turnpike Suite 882,New York,NY,10001
9437 Wilson Ramp Apt. 381,New York,NY,10001
5451 Jennifer Village Apt. 023,New York,NY,10001
4409 Lee Avenue Apt. 549,New York,NY,10001
5751 Martinez Coves Apt. 614,New York,NY,10001
4598 Sharon Village Suite 099,New York,NY,10001
7351 Dustin Mountains Suite 078,New York,NY,10001
3822 Theresa Wells Apt. 218,New York,NY,10001
9921 Jones Extensions Suite 279,New York,NY,10001
2916 Paul Hills Suite 501,New York,NY,10001
2215 Evans Circle Apt. 858,New York,NY,10001
8948 Angela Mall Suite 748,New York,NY,10001
7573 Susan Highway Suite 471,New York,NY,10001
9466 Christopher Square Suite 334,New York,NY,10001
1968 Rebecca Mission Suite 883,New York,NY,10001
3209 Donna Island Apt. 779,New York,NY,10001
919 Pineda Meadows Suite 007,New York,NY,10001
645 Herman Pike Suite 496,New York,NY,10001
8044 Joshua Ports Apt. 195,New York,NY,10001
7175 Anthony Forest Suite 314,New York,NY,10001
3032 Moore Cove Apt. 051,New York,NY,10001
4331 Robert Parkways Apt. 664,New York,NY,10001
627 Dennis Crescent Apt. 590,New York,NY,10001
7487 Morales Port Suite 772,New York,NY,10001
1798 Nancy Summit Suite 502,New York,NY,10001
5864 Sandra Trail Suite 694,New York,NY,10001
2050 William Curve Suite 509,New York,NY,10001
5468 Anderson Prairie Apt. 500,New York,NY,10001
6732 Lynn Terrace Suite 838,New York,NY,10001
7799 James River Apt. 487,New York,NY,10001
5453 Christensen Brook Suite 258,New York,NY,10001
164 Quinn Mission Apt. 873,New York,NY,10001
2795 Lee Manor Suite 085,New York,NY,10001
5090 Cristian Via Apt. 865,New York,NY,10001
812 Robinson Harbors Suite 084,New York,NY,10001
1458 Leonard Spurs Suite 879,New York,NY,10001
3731 Brittany Creek Suite 067,New York,NY,10001
1734 Berry Locks Suite 679,New York,NY,10001
8986 Kelly Plains Apt. 362,New York,NY,10001
869 Amanda Unions Suite 603,New York,NY,10001
6321 Brittany Stravenue Suite 526,New York,NY,10001
8215 Sims Landing Suite 633,New York,NY,10001
1138 Gonzales Springs Apt. 328,New York,NY,10001
7103 Brown Fort Suite 023,New York,NY,10001
5285 Kramer Mission Suite 491,New York,NY,10001
6057 Joshua Park Apt. 652,New York,NY,10001
703 Armstrong Fork Apt. 926,New York,NY,10001
6402 Jeffery Fall Suite 312,New York,NY,10001
4851 Walker Road Apt. 702,New York,NY,10001
9832 Pittman Ports Suite 839,New York,NY,10001
6824 Carla Loop Apt. 256,New York,NY,10001
736 Olson Union Apt. 143,New York,NY,10001
8046 Wright Rue Suite 806,New York,NY,10001
4220 Ryan Shores Apt. 797,New York,NY,10001
5237 Cooper Forks Suite 296,New York,NY,10001
4885 Kenneth Green Apt. 145,New York,NY,10001
2376 Ellis Freeway Apt. 516,New York,NY,10001
9862 Jillian Crossing Suite 304,New York,NY,10001
1921 Barrett Well Suite 814,Los Angeles,CA,90001
4246 Scott Drive Suite 467,Los Angeles,CA,90001
8876 Brent Burg Apt. 744,Los Angeles,CA,90001
4113 Parrish Meadow Suite 776,Los Angeles,CA,90001
8824 Ferrell Square Suite 993,Los Angeles,CA,90001
6342 Thompson Islands Suite 656,Los Angeles,CA,90001
5828 Alyssa Trail Apt. 161,Los Angeles,CA,90001
3167 Thomas Fork Suite 260,Los Angeles,CA,90001
6795 Todd Falls Apt. 539,Los Angeles,CA,90001
4897 Corey Mission Suite 775,Los Angeles,CA,90001
506 Angela Drives Suite 583,Los Angeles,CA,90001
5912 Medina Mills Apt. 419,Chicago,IL,60601
6201 Manning Squares Suite 296,Chicago,IL,60601
9518 Stanley Turnpike Apt. 956,Chicago,IL,60601
6294 Lara Locks Apt. 432,Chicago,IL,60601
4756 Hunt Path Apt. 554,Chicago,IL,60601
5378 Kelly Lodge Suite 867,Chicago,IL,60601
3041 Julie Track Suite 619,Chicago,IL,60601
4618 Sylvia Manors Apt. 879,Houston,TX,77001
4856 Blair Route Suite 450,Houston,TX,77001
4044 Berg Views Suite 879,Houston,TX,77001
8780 Thompson Heights Apt. 078,Houston,TX,77001
9329 Jessica Orchard Apt. 933,Houston,TX,77001
3577 Dylan Crossroad Suite 652,Houston,TX,77001
5101 Edwards Union Suite 310,Phoenix,AZ,85001
4590 John Throughway Suite 369,Phoenix,AZ,85001
7951 Jonathan Court Apt. 588,Phoenix,AZ,85001
8949 Shirley Flats Apt. 727,Phoenix,AZ,85001
1486 Wilson Row Apt. 839,Philadelphia,PA,19101
5356 Nelson Wells Suite 629,Philadelphia,PA,19101
1978 Crawford Forest Suite 573,Philadelphia,PA,19101
8645 Robinson Circles Suite 915,Philadelphia,PA,19101
6404 Grimes Wells Suite 675,San Antonio,TX,78201
6597 Blair Club Suite 021,San Antonio,TX,78201
6907 Wilson Road Apt. 481,San Antonio,TX,78201
5141 Moon Village Apt. 537,San Antonio,TX,78201
101 Torres Curve Suite 678,San Diego,CA,92101
5076 Bridges Mill Apt. 353,San Diego,CA,92101
7259 James Spring Apt. 758,San Diego,CA,92101
5321 Ricky Rest Apt. 037,San Diego,CA,92101
4195 Ricky Ports Suite 312,Dallas,TX,75201
1609 Jason Islands Apt. 620,Dallas,TX,75201
3492 Zachary Stravenue Apt. 332,Dallas,TX,75201
1348 Lewis Ford Apt. 592,San Jose,CA,95101
4292 Vasquez Village Apt. 447,San Jose,CA,95101
6503 Tiffany Shoals Suite 590,San Jose,CA,95101
7698 Paul Rapid Apt. 046,Austin,TX,78701
8158 Jamie Cliff Apt. 781,Austin,TX,78701
6278 Matthew Flats Apt. 074,Fort Worth,TX,76101
8816 Martinez Trail Suite 635,Fort Worth,TX,76101
6973 Matthew Fork Apt. 338,Jacksonville,FL,32201
4962 Powell Motorway Suite 674,Jacksonville,FL,32201
2677 Anthony Terrace Suite 289,Columbus,OH,43201
9990 Franco Station Apt. 249,Columbus,OH,43201
1879 Samantha Summit Apt. 397,San Francisco,CA,94101
2487 James Shoal Suite 491,San Francisco,CA,94101
3081 Alvarez Circles Apt. 008,Charlotte,NC,28201
4830 Tate Trace Suite 699,Charlotte,NC,28201
2793 Howell Ports Apt. 345,Indianapolis,IN,46201
3710 Jamie Union Suite 972,Indianapolis,IN,46201
4984 Mary Lodge Suite 806,Seattle,WA,98101
4300 Mcdaniel Walks Apt. 469,Seattle,WA,98101
5238 Anthony Hills Suite 500,Denver,CO,80201
446 Hernandez Ridge Apt. 506,Denver,CO,80201
6678 Page Manor Suite 961,Washington,DC,20001
4036 Anna Turnpike Apt. 391,Washington,DC,20001
