Street Address,City,State,Zip Code
3998 Shane Groves Apt. 193,New York,NY,30633
2992 Jodi Burg Apt. 997,New York,NY,33239
3229 Cassie Circle Suite 304,New York,NY,48087
4548 Pittman Hill Apt. 065,New York,NY,12750
8168 Cunningham Springs Apt. 706,New York,NY,70113
7304 Lewis Divide Apt. 045,New York,NY,72628
8780 Alejandra Terrace Suite 361,New York,NY,67363
8913 Michelle Vista Suite 415,New York,NY,26562
7771 Angelica Summit Suite 997,New York,NY,71199
1506 Lisa Ways Apt. 006,New York,NY,07493
6936 Shaw Ville Suite 056,New York,NY,26356
8010 Brian Keys Suite 355,New York,NY,26221
7309 Jason Mall Apt. 686,New York,NY,81957
5437 Smith Lodge Apt. 120,New York,NY,29193
95 Erika Springs Suite 790,New York,NY,08668
7408 Mcfarland Way Apt. 451,New York,NY,39482
2192 Michael Ridge Suite 157,New York,NY,55790
5725 Miller Shoals Suite 953,New York,NY,02215
6117 Carolyn Square Apt. 038,New York,NY,99794
4989 Raymond Plains Apt. 116,New York,NY,52120
9479 Christina Stream Suite 164,New York,NY,37276
6582 Emily Mountain Apt. 172,New York,NY,39339
4839 Joseph Spurs Apt. 999,New York,NY,03708
7248 Denise Ranch Suite 022,New York,NY,26612
5435 Katherine Green Suite 675,New York,NY,46505
6641 Reed Ferry Suite 004,New York,NY,84846
8405 Eric Forest Suite 252,New York,NY,77364
5059 Mueller Underpass Suite 088,New York,NY,15406
2732 Lang Station Suite 932,New York,NY,14001
7004 Donald River Suite 481,New York,NY,56540
9721 Eric Creek Apt. 376,New York,NY,08398
896 Angela Locks Apt. 622,New York,NY,21458
1885 Rosales Oval Suite 518,New York,NY,12493
5155 Mark Rest Suite 430,New York,NY,33748
8302 Greene Cliffs Suite 427,New York,NY,14003
8223 Farmer Ramp Suite 481,New York,NY,02834
9 Grant Turnpike Apt. 752,New York,NY,49624
8574 Alexander Avenue Apt. 680,New York,NY,81111
297 Brian Loaf Apt. 212,New York,NY,23607
7478 Jessica Key Suite 484,New York,NY,21132
2215 Kim Mission Apt. 066,New York,NY,92212
9906 Kirby Vista Suite 160,New York,NY,80949
4421 Thomas Mall Suite 887,New York,NY,58031
4256 Scott Mountain Suite 768,New York,NY,96843
3079 Lara Avenue Suite 672,New York,NY,82666
9804 Cantu Flats Apt. 345,New York,NY,19195
85 Gilbert Lake Apt. 747,New York,NY,37169
7543 Kevin Burgs Suite 738,New York,NY,44875
901 Flynn Road Apt. 806,New York,NY,60025
646 Jonathan Knolls Suite 749,New York,NY,20657
1191 Hernandez Circle Suite 924,New York,NY,90076
3700 Kimberly Common Suite 081,New York,NY,53444
66 Walker Hollow Suite 004,New York,NY,18215
5156 Nicholas Roads Apt. 390,New York,NY,82441
4012 Anthony Via Suite 570,New York,NY,90551
7775 Daniels Crescent Apt. 303,New York,NY,93574
3899 Melissa Hollow Apt. 713,New York,NY,21060
3538 Ferguson Meadows Apt. 710,New York,NY,47955
140 Kelly Village Apt. 624,New York,NY,80835
9114 Walker Drive Suite 041,New York,NY,40930
5541 Johns Villages Suite 073,New York,NY,94231
708 Smith Flats Apt. 929,New York,NY,81850
9423 Wells Fort Suite 092,New York,NY,15945
1080 Eric Islands Apt. 837,New York,NY,17301
6837 Young Square Apt. 022,New York,NY,44077
8648 Jennifer Passage Suite 911,New York,NY,33179
6526 Kathleen Row Apt. 939,New York,NY,14241
2172 Ortega Road Suite 883,New York,NY,81590
4779 Cheryl Prairie Apt. 708,New York,NY,55865
9717 Allen Lane Apt. 235,New York,NY,02734
7025 Suarez Haven Suite 089,New York,NY,68973
5635 Brooke Port Apt. 861,New York,NY,47819
6341 Brittany Shore Suite 191,New York,NY,72894
719 Steven Estates Suite 479,New York,NY,91632
6253 Nicholas Inlet Apt. 307,New York,NY,40814
175 Contreras Hollow Suite 655,New York,NY,33192
9764 Trevino Port Apt. 866,New York,NY,28623
6607 Gonzales Rest Suite 737,New York,NY,70365
4537 Baldwin Springs Apt. 777,New York,NY,65226
8524 Ashley Light Suite 631,New York,NY,65789
5793 Brian Trace Suite 740,New York,NY,91286
3331 Andrea Junction Apt. 069,New York,NY,84501
5433 Cynthia Manors Suite 334,New York,NY,40268
3235 Jessica Terrace Suite 727,New York,NY,88984
9841 Charles Springs Apt. 990,New York,NY,30909
4967 Derek Well Suite 328,New York,NY,17049
342 Novak Rest Suite 028,New York,NY,18345
9215 Stephanie Creek Suite 820,New York,NY,33032
2542 Sanchez Mill Suite 204,New York,NY,29028
5185 Pamela Lake Apt. 153,New York,NY,91136
8179 Laura Center Suite 521,New York,NY,36647
4268 Marshall Junction Apt. 762,New York,NY,00946
3612 Wilson Garden Suite 415,New York,NY,49426
6222 Leonard Inlet Apt. 844,New York,NY,20725
6880 Angela Field Apt. 436,New York,NY,66054
2115 Flowers Plains Apt. 309,New York,NY,18876
8870 Rodriguez Mission Suite 001,New York,NY,23957
4808 Jason Curve Suite 676,New York,NY,11099
5611 Webster Gardens Apt. 054,New York,NY,03397
5197 Griffin Camp Apt. 724,New York,NY,79309
1210 Owens Coves Apt. 101,New York,NY,95544
6093 Stone Estates Apt. 327,New York,NY,61339
1471 Amanda Club Suite 953,New York,NY,05529
2054 Jacob Vista Suite 979,New York,NY,82292
5961 Parker Isle Apt. 983,New York,NY,26197
9174 Gregg Port Suite 324,New York,NY,35422
1339 Misty Harbor Apt. 686,New York,NY,35958
2732 Jonathan Lodge Suite 307,New York,NY,89134
9284 Tiffany Mills Apt. 401,New York,NY,59533
360 Kayla Mall Apt. 962,New York,NY,94020
6110 Gomez Trail Suite 544,New York,NY,63078
6073 Larry Way Suite 310,New York,NY,55188
3675 Clarke Station Apt. 923,New York,NY,26982
7900 Amy Turnpike Apt. 208,New York,NY,18733
9114 Poole Via Apt. 292,New York,NY,57415
212 Steven Gateway Apt. 998,New York,NY,08850
5629 Rhonda Villages Suite 060,New York,NY,68070
5652 Martin Forges Suite 161,New York,NY,92068
2042 White Skyway Suite 237,New York,NY,64343
7247 Debra Extensions Suite 753,New York,NY,74454
8419 Sanchez Fields Suite 784,New York,NY,60989
3290 Julie Tunnel Apt. 124,New York,NY,65841
7928 Figueroa Street Apt. 508,New York,NY,97491
1327 Lewis Trafficway Suite 801,New York,NY,22610
954 David Mountains Suite 821,New York,NY,67547
1664 Jones Dale Suite 707,New York,NY,77639
6081 Short Vista Apt. 717,New York,NY,48674
4263 Anthony Stream Suite 491,New York,NY,27607
6592 Angela Ford Suite 254,New York,NY,11300
2418 David Landing Apt. 540,New York,NY,47896
8729 Brian Highway Suite 637,New York,NY,02461
5693 Robert Underpass Suite 035,New York,NY,71534
7333 Wood River Apt. 087,New York,NY,47398
9223 Hill Glens Suite 895,New York,NY,50671
4459 Jacob Squares Suite 781,New York,NY,87591
5250 Jonathan Curve Suite 720,New York,NY,50812
648 Owen Trail Apt. 603,New York,NY,89303
7113 Dennis Fords Suite 313,New York,NY,98623
936 Benjamin Extensions Apt. 844,New York,NY,41967
4543 Wallace Port Suite 529,New York,NY,14334
2357 Charlotte Lake Apt. 627,New York,NY,78340
7680 Joshua Rue Apt. 623,New York,NY,45420
947 Adams Hollow Apt. 669,New York,NY,33497
6469 Brown Station Suite 895,New York,NY,78131
4905 Joshua Gateway Apt. 600,New York,NY,29429
8604 Moody Forks Suite 952,New York,NY,96060
560 Torres Island Suite 141,New York,NY,77936
8127 James Spurs Suite 551,New York,NY,22389
2776 Jimmy Point Apt. 525,New York,NY,18767
8512 Brett Spring Suite 994,New York,NY,97033
6115 Thomas Turnpike Apt. 227,New York,NY,77908
7919 Turner Forks Apt. 847,New York,NY,53342
1558 Choi Common Suite 585,New York,NY,47971
3254 Escobar Rapid Suite 993,New York,NY,01234
4869 Jenny Mountain Apt. 184,New York,NY,62246
3732 Osborne Circle Suite 883,New York,NY,85223
6092 Bird Union Suite 077,New York,NY,66370
2076 Jones Light Apt. 135,New York,NY,80178
9329 Swanson Coves Apt. 173,New York,NY,34595
5153 Sloan Wells Suite 351,New York,NY,89762
4741 Michael Cove Suite 818,New York,NY,28416
3549 Miranda Turnpike Suite 493,New York,NY,88090
2082 Meagan Landing Suite 326,New York,NY,74213
5954 Karen Harbors Suite 675,New York,NY,18978
82 Kimberly Glens Apt. 552,New York,NY,91023
6967 Fisher Skyway Suite 502,New York,NY,56096
1226 Pamela Pines Apt. 428,New York,NY,55113
5472 Craig Stravenue Suite 543,New York,NY,39843
2321 Corey Viaduct Apt. 808,New York,NY,45188
8974 Karen Mount Suite 845,New York,NY,90244
9722 Renee Circles Apt. 687,New York,NY,33429
102 Ruiz Loaf Suite 377,New York,NY,15246
9990 Amber Rapid Suite 172,New York,NY,19388
3695 Abigail Vista Suite 364,New York,NY,65279
1497 Briggs Ranch Suite 416,New York,NY,64092
6649 Bryan Centers Suite 058,New York,NY,62486
7061 Contreras Harbors Suite 749,New York,NY,63704
1733 Stephanie Crossroad Suite 389,New York,NY,76336
1334 Oneal Port Apt. 660,New York,NY,62177
542 Jesse Mills Suite 292,New York,NY,59837
7316 Duran Village Apt. 719,New York,NY,69592
8158 Mitchell Loaf Suite 424,New York,NY,65067
6652 Bolton Causeway Apt. 437,New York,NY,37582
6218 Grimes Mountain Suite 727,New York,NY,47152
3699 Peggy Junction Suite 127,New York,NY,85796
527 Martinez View Apt. 648,New York,NY,77914
5294 Stout Branch Suite 662,New York,NY,65968
4633 Collins Wall Apt. 630,New York,NY,98806
8868 Young Drives Apt. 792,New York,NY,91782
918 Monique Junctions Suite 517,New York,NY,45167
823 Russell Drives Apt. 760,New York,NY,10666
9195 Ashley Brook Apt. 720,New York,NY,40891
8238 Chelsea Village Apt. 889,New York,NY,23361
834 Jenkins Creek Apt. 548,New York,NY,93637
3535 Brooke Squares Suite 146,New York,NY,67291
9068 Jenna Passage Apt. 461,New York,NY,17848
1383 Burns Hill Apt. 161,New York,NY,75210
7397 Gomez Parkways Apt. 428,New York,NY,90031
1710 Torres Rapids Suite 301,New York,NY,69012
8708 George Mill Suite 251,New York,NY,71726
2438 Wells Pike Apt. 375,New York,NY,72251
4284 Bryant Lake Apt. 012,New York,NY,94957
2743 Fisher Cliffs Apt. 096,New York,NY,42436
1493 Wallace Keys Apt. 405,New York,NY,02260
3718 Matthew Circle Suite 210,New York,NY,82504
8598 Carr Lodge Suite 896,New York,NY,87305
9812 Amber Mountains Suite 844,New York,NY,99697
1028 Crystal Crescent Suite 099,New York,NY,65929
467 Davis Harbor Suite 527,New York,NY,27987
1832 Morgan Stream Suite 268,New York,NY,27071
1530 Hall Union Apt. 177,New York,NY,45889
2955 Pineda Shoals Suite 549,New York,NY,67081
3500 Leonard Prairie Apt. 893,New York,NY,75969
4293 Joseph Ranch Apt. 954,New York,NY,25928
7069 Gillespie Gateway Apt. 567,New York,NY,60700
5254 Ramirez Drive Suite 781,New York,NY,93768
4449 Keith Mission Suite 491,New York,NY,44106
9672 Alyssa Bypass Suite 520,New York,NY,77423
2002 Gross Brooks Apt. 265,New York,NY,96541
4490 Mitchell Ville Apt. 918,New York,NY,63952
7778 Guzman Forge Apt. 487,New York,NY,61839
7651 Christopher Mews Apt. 974,New York,NY,83871
5789 Jones Causeway Suite 767,New York,NY,11615
9649 Hess Estate Suite 078,New York,NY,60960
5311 Vazquez Cape Apt. 139,New York,NY,64166
4749 William Divide Suite 546,New York,NY,80863
4599 Weber Trace Apt. 019,New York,NY,29477
6992 Kristina Plains Suite 636,New York,NY,07835
1377 Jennifer Harbors Suite 982,New York,NY,97641
9573 Daniel Shore Apt. 445,New York,NY,60364
3537 Carlson Burgs Suite 472,New York,NY,40847
670 Gray Coves Apt. 809,New York,NY,70363
5763 Mann Hollow Suite 126,New York,NY,38647
6023 Wesley Island Apt. 022,New York,NY,46567
893 Richard Inlet Apt. 891,New York,NY,29392
1981 Eric Drive Apt. 917,New York,NY,22356
8317 John Station Suite 923,New York,NY,74529
4548 James Corners Apt. 307,New York,NY,26828
3590 Harrison Drives Suite 334,New York,NY,89826
809 Dawn Mall Suite 346,New York,NY,24991
6645 Carter Plain Apt. 296,New York,NY,33550
6225 Crawford Course Apt. 735,New York,NY,94984
798 Miranda Rapids Suite 920,New York,NY,09375
6879 Brandy Green Suite 828,New York,NY,05882
2513 Laura Plaza Suite 033,New York,NY,67100
9643 Rodriguez Lights Apt. 389,New York,NY,26906
5254 Joshua Motorway Apt. 772,New York,NY,20910
1055 Brenda Harbors Suite 842,New York,NY,24867
1684 Kelly Light Suite 307,New York,NY,48843
1365 Erin Drive Apt. 114,New York,NY,18029
6386 Ramirez Roads Apt. 838,New York,NY,92629
1598 Harrison Meadow Apt. 372,New York,NY,06774
9291 Gutierrez Turnpike Apt. 856,New York,NY,99577
642 Dunlap Rue Suite 097,New York,NY,39868
8922 Khan Manor Suite 826,New York,NY,80525
2599 Jacqueline Throughway Apt. 699,New York,NY,55906
7552 Robinson Motorway Apt. 619,New York,NY,54615
9723 Delgado Trafficway Apt. 301,New York,NY,54073
687 Adam View Apt. 310,New York,NY,33775
6495 Hannah Route Suite 435,New York,NY,04193
8515 Lee Bypass Apt. 357,New York,NY,90567
3887 Schmidt Estate Apt. 645,New York,NY,85460
1114 Howard Mill Apt. 101,New York,NY,64241
7230 Finley Mountain Suite 222,New York,NY,55599
4826 Hill Burg Suite 436,New York,NY,50849
811 David Street Apt. 221,New York,NY,13118
3303 Karen Ways Apt. 422,New York,NY,05905
1248 Reyes Islands Suite 489,New York,NY,29559
1812 Joseph Station Apt. 390,New York,NY,88798
8394 Walker Lake Suite 718,New York,NY,39473
1758 Lynn Centers Suite 432,New York,NY,46281
1038 Hodge Forks Apt. 657,New York,NY,66703
8899 Ryan Harbors Apt. 496,New York,NY,19796
6875 Payne Stravenue Suite 339,New York,NY,67304
216 Flores Estates Apt. 532,New York,NY,03276
9410 Darrell Station Apt. 204,New York,NY,27134
2054 Patricia Estate Apt. 976,New York,NY,08603
7638 Jacob Bridge Apt. 436,New York,NY,73747
6972 George Knoll Apt. 710,New York,NY,52276
8478 James Corner Apt. 989,New York,NY,87910
1102 Lisa Street Suite 741,New York,NY,30946
3886 Brooks Club Apt. 646,New York,NY,80933
3964 Kelley Squares Apt. 746,New York,NY,71467
9096 Rivera Ports Suite 776,New York,NY,27263
1299 Dillon Squares Apt. 758,New York,NY,35915
3418 Jones Lights Suite 794,New York,NY,20423
4105 Sean Way Apt. 737,New York,NY,10980
7539 Lee Haven Suite 782,New York,NY,22405
4011 Robert Cape Apt. 835,New York,NY,26283
9007 Faith Crest Apt. 794,New York,NY,22228
5372 Rice Spurs Apt. 425,New York,NY,92773
1336 Carroll Field Apt. 482,New York,NY,08755
118 Robert Trafficway Apt. 514,New York,NY,38395
3822 Thomas Green Suite 140,New York,NY,13808
3943 Michelle Turnpike Apt. 078,New York,NY,51546
3916 William Flats Suite 075,New York,NY,11497
8526 Barber Stravenue Apt. 852,New York,NY,15373
3624 Simmons Mills Apt. 911,New York,NY,34243
3921 Hicks Forge Apt. 049,New York,NY,05914
901 Kimberly Harbors Suite 561,New York,NY,24608
5400 Kristen Vista Suite 172,New York,NY,51193
6868 Lisa Dale Suite 828,New York,NY,50660
2714 Jared Flat Apt. 975,New York,NY,98627
2558 Evans Turnpike Apt. 076,New York,NY,71831
7950 Karen View Apt. 537,New York,NY,17264
2649 Kathy Spurs Apt. 360,New York,NY,01923
6052 Jones Square Suite 168,New York,NY,51583
5351 Justin Manor Suite 675,New York,NY,38352
5454 Janice Village Apt. 614,New York,NY,65774
9375 Myers Well Apt. 352,New York,NY,00523
4034 Lopez Vista Suite 263,New York,NY,61644
4311 Laura Corner Suite 346,New York,NY,64103
4861 Steven Trafficway Suite 528,New York,NY,70078
2205 Ayala Squares Apt. 327,New York,NY,74063
4270 Jacobs Rest Apt. 443,New York,NY,43911
7515 Mack Coves Apt. 983,New York,NY,51394
8837 Michael Camp Suite 175,New York,NY,36165
5010 Mcfarland Lodge Apt. 961,Los Angeles,CA,15422
5263 Carter Mission Suite 695,Los Angeles,CA,23313
6497 Mikayla Crest Apt. 959,Los Angeles,CA,10230
6451 Pena Pass Suite 079,Los Angeles,CA,05410
7887 Harper Circles Apt. 189,Los Angeles,CA,37064
5424 Martinez Mountains Suite 139,Los Angeles,CA,29188
8503 Lauren Haven Suite 893,Los Angeles,CA,44248
6916 Brady Point Apt. 653,Los Angeles,CA,35072
2955 Heidi Estates Suite 915,Los Angeles,CA,83024
3813 Frye Drives Suite 709,Los Angeles,CA,73837
2859 Acevedo Greens Apt. 499,Los Angeles,CA,60057
5260 Debbie Crossing Apt. 103,Chicago,IL,08561
7008 Weber Corners Apt. 592,Chicago,IL,04868
4984 Daniel Trail Apt. 272,Chicago,IL,68842
3561 Collins Run Suite 780,Chicago,IL,96662
9705 Burgess Turnpike Suite 021,Chicago,IL,04341
573 Kimberly Falls Suite 784,Chicago,IL,86013
4685 Marcus Land Apt. 286,Chicago,IL,21622
1495 Garcia Green Suite 732,Houston,TX,79157
6775 Douglas Fort Suite 736,Houston,TX,50935
5727 Collins Highway Suite 458,Houston,TX,88795
2313 David Course Apt. 588,Houston,TX,82067
2529 Kathy Center Apt. 234,Houston,TX,64815
1094 Jesus River Suite 805,Houston,TX,84194
7297 Garcia Walks Apt. 119,Phoenix,AZ,01567
2317 Webster Spurs Suite 762,Phoenix,AZ,76452
6056 Jonathan Stream Apt. 033,Phoenix,AZ,04066
861 George Plaza Apt. 355,Phoenix,AZ,03614
7225 Zachary Run Apt. 642,Philadelphia,PA,87127
8684 Robert Rapids Suite 759,Philadelphia,PA,88952
4889 Beard Grove Apt. 130,Philadelphia,PA,75278
1825 Williams Forges Suite 199,Philadelphia,PA,71253
3306 Melissa Ville Suite 984,San Antonio,TX,07952
2497 Brittany Locks Suite 466,San Antonio,TX,42755
2433 Monroe Stravenue Suite 595,San Antonio,TX,77600
2963 Howe Underpass Suite 749,San Antonio,TX,51855
6265 Anderson Well Suite 027,San Diego,CA,01082
2013 Elizabeth Turnpike Apt. 783,San Diego,CA,44411
5515 Wayne Falls Suite 037,San Diego,CA,49325
7165 William Burgs Suite 467,San Diego,CA,03647
49 Peter Squares Apt. 498,Dallas,TX,85514
2172 Moreno Grove Suite 529,Dallas,TX,00574
4011 Alfred Lake Apt. 482,Dallas,TX,27046
3158 Hebert Union Suite 105,San Jose,CA,67421
4940 Christine Orchard Suite 353,San Jose,CA,86047
8268 Orozco Well Apt. 968,San Jose,CA,39405
5521 Myers Squares Suite 580,Austin,TX,96836
9962 Jeffery Pine Apt. 094,Austin,TX,32331
7081 Johnson Skyway Apt. 855,Fort Worth,TX,87200
4171 Marisa Rue Apt. 956,Fort Worth,TX,34766
8034 Rodriguez Avenue Suite 290,Jacksonville,FL,71771
1934 Sarah Landing Suite 986,Jacksonville,FL,70031
8982 Kyle Wall Suite 600,Columbus,OH,71664
324 Steve Views Apt. 904,Columbus,OH,58150
4083 Cassandra Parkways Apt. 962,San Francisco,CA,10192
3528 Rita Center Suite 596,San Francisco,CA,17214
8766 Nicole Fall Apt. 627,Charlotte,NC,78569
860 Ashley Divide Suite 277,Charlotte,NC,88983
6145 Amanda Station Suite 406,Indianapolis,IN,19510
5578 Andrea Mountain Suite 594,Indianapolis,IN,55312
4497 Jennifer Mission Apt. 570,Seattle,WA,76241
9921 Noah Ford Apt. 852,Seattle,WA,14628
4458 Andrew Mountain Apt. 871,Denver,CO,84365
8091 Rodriguez Place Suite 043,Denver,CO,28765
4909 Amy Terrace Suite 685,Washington,DC,13287
8040 Patterson View Suite 231,Washington,DC,77918
